frequency,signal_strength,timestamp
300000,-111.25061750716816,2025-10-02T02:50:36.529164
305000,-103.15635606571318,2025-10-02T02:50:36.529325
310000,-109.41077096676139,2025-10-02T02:50:36.529340
315000,-101.6600769495512,2025-10-02T02:50:36.529347
320000,-118.31753335643131,2025-10-02T02:50:36.529356
325000,-109.7928059891318,2025-10-02T02:50:36.529364
330000,-101.42172820844341,2025-10-02T02:50:36.529371
335000,-107.56217543557692,2025-10-02T02:50:36.529379
340000,-105.34594301237155,2025-10-02T02:50:36.529386
345000,-110.40463723456308,2025-10-02T02:50:36.529393
350000,-113.59385394465687,2025-10-02T02:50:36.529401
355000,-112.18660339438235,2025-10-02T02:50:36.529408
360000,-112.11061427430073,2025-10-02T02:50:36.529415
365000,-110.80408400685718,2025-10-02T02:50:36.529422
370000,-116.8709496635714,2025-10-02T02:50:36.529429
375000,-112.33371482057497,2025-10-02T02:50:36.529436
380000,-108.3889315031341,2025-10-02T02:50:36.529443
385000,-106.01550606834424,2025-10-02T02:50:36.529450
390000,-108.28656638113861,2025-10-02T02:50:36.529458
395000,-112.03609910427045,2025-10-02T02:50:36.529465
400000,-112.80548549655947,2025-10-02T02:50:36.529472
405000,-113.67036473946835,2025-10-02T02:50:36.529479
410000,-109.17870364684968,2025-10-02T02:50:36.529486
415000,-102.66198081787087,2025-10-02T02:50:36.529493
420000,-112.41587150638898,2025-10-02T02:50:36.529500
425000,-112.25532263376483,2025-10-02T02:50:36.529508
430000,-119.17355638177126,2025-10-02T02:50:36.529514
435000,-104.55102638954698,2025-10-02T02:50:36.529521
440000,-122.39869717508995,2025-10-02T02:50:36.529528
445000,-105.52687103570402,2025-10-02T02:50:36.529535
450000,-110.90657114383792,2025-10-02T02:50:36.529542
455000,-111.90391678556009,2025-10-02T02:50:36.529549
460000,-118.47865100303704,2025-10-02T02:50:36.529556
465000,-110.69480607527503,2025-10-02T02:50:36.529563
470000,-115.87405174601037,2025-10-02T02:50:36.529571
475000,-112.02323000109341,2025-10-02T02:50:36.529578
480000,-117.96176837968068,2025-10-02T02:50:36.529584
485000,-120.74790736148343,2025-10-02T02:50:36.529591
490000,-109.31815244734146,2025-10-02T02:50:36.529598
495000,-99.86483403223603,2025-10-02T02:50:36.529605
500000,-113.7790501040206,2025-10-02T02:50:36.529612
505000,-113.29198723091439,2025-10-02T02:50:36.529620
510000,-119.76500129946982,2025-10-02T02:50:36.529628
515000,-109.48096497036988,2025-10-02T02:50:36.529635
520000,-106.87363496739188,2025-10-02T02:50:36.529642
525000,-113.0343345588339,2025-10-02T02:50:36.529649
530000,-113.21722254798432,2025-10-02T02:50:36.529656
535000,-109.57249245308886,2025-10-02T02:50:36.529701
540000,-109.41294920420056,2025-10-02T02:50:36.529712
545000,-112.34695629225111,2025-10-02T02:50:36.529719
550000,-111.84227979900007,2025-10-02T02:50:36.529727
555000,-103.6186313197453,2025-10-02T02:50:36.529831
560000,-114.76466300374894,2025-10-02T02:50:36.529839
565000,-104.89939368797845,2025-10-02T02:50:36.529844
570000,-115.39869534327013,2025-10-02T02:50:36.529910
575000,-110.57470937354651,2025-10-02T02:50:36.529919
580000,-121.46230673160271,2025-10-02T02:50:36.529923
585000,-107.498526005098,2025-10-02T02:50:36.529927
590000,-107.06134113171224,2025-10-02T02:50:36.529932
595000,-106.21932433868794,2025-10-02T02:50:36.529936
600000,-112.2266308726486,2025-10-02T02:50:36.529939
605000,-104.19128316600886,2025-10-02T02:50:36.529943
610000,-111.36621911770148,2025-10-02T02:50:36.529947
615000,-104.31999415693794,2025-10-02T02:50:36.529951
620000,-108.49608624489436,2025-10-02T02:50:36.529955
625000,-108.13781075045146,2025-10-02T02:50:36.529961
630000,-109.4712414959365,2025-10-02T02:50:36.529965
635000,-115.00639161358595,2025-10-02T02:50:36.529996
640000,-115.84310175988921,2025-10-02T02:50:36.530013
645000,-112.86566748333445,2025-10-02T02:50:36.530017
650000,-98.72909435542019,2025-10-02T02:50:36.530022
655000,-120.94815654523995,2025-10-02T02:50:36.530025
660000,-114.06175018808565,2025-10-02T02:50:36.530029
665000,-112.67136745807662,2025-10-02T02:50:36.530033
670000,-114.47598312706205,2025-10-02T02:50:36.530037
675000,-104.73861561131443,2025-10-02T02:50:36.530040
680000,-112.73593455728177,2025-10-02T02:50:36.530044
685000,-117.27068538322064,2025-10-02T02:50:36.530053
690000,-110.43280678225288,2025-10-02T02:50:36.530058
695000,-103.78422122348476,2025-10-02T02:50:36.530062
700000,-111.97610794316148,2025-10-02T02:50:36.530066
705000,-120.64975689645112,2025-10-02T02:50:36.530070
710000,-107.08161050922736,2025-10-02T02:50:36.530074
715000,-105.58244725611151,2025-10-02T02:50:36.530078
720000,-111.74130043469671,2025-10-02T02:50:36.530082
725000,-107.52176618936477,2025-10-02T02:50:36.530086
730000,-105.2579523112876,2025-10-02T02:50:36.530090
735000,-108.0659099767689,2025-10-02T02:50:36.530094
740000,-109.63170511822736,2025-10-02T02:50:36.530097
745000,-114.84173334710111,2025-10-02T02:50:36.530101
750000,-106.08982760959643,2025-10-02T02:50:36.530106
755000,-112.03552755558322,2025-10-02T02:50:36.530109
760000,-115.5601489708157,2025-10-02T02:50:36.530113
765000,-118.241523773982,2025-10-02T02:50:36.530136
770000,-97.11279548800209,2025-10-02T02:50:36.530141
775000,-102.72494211830595,2025-10-02T02:50:36.530145
780000,-109.03811370446834,2025-10-02T02:50:36.530149
785000,-101.77398837589197,2025-10-02T02:50:36.530153
790000,-121.335906001327,2025-10-02T02:50:36.530157
795000,-109.81440823548805,2025-10-02T02:50:36.530161
800000,-104.18243668861807,2025-10-02T02:50:36.530165
805000,-110.36035113233594,2025-10-02T02:50:36.530251
810000,-105.71670726694886,2025-10-02T02:50:36.530258
815000,-113.64222039354178,2025-10-02T02:50:36.530262
820000,-110.67407347493175,2025-10-02T02:50:36.530266
825000,-112.78559165020472,2025-10-02T02:50:36.530270
830000,-115.36193640117742,2025-10-02T02:50:36.530273
835000,-109.99738647976918,2025-10-02T02:50:36.530277
840000,-103.08184130462584,2025-10-02T02:50:36.530281
845000,-107.74349892346855,2025-10-02T02:50:36.530287
850000,-108.00706519166665,2025-10-02T02:50:36.530290
855000,-106.22262133829597,2025-10-02T02:50:36.530294
860000,-104.6545255469751,2025-10-02T02:50:36.530297
865000,-105.91430788258887,2025-10-02T02:50:36.530301
870000,-109.87878896937261,2025-10-02T02:50:36.530305
875000,-110.26257229703415,2025-10-02T02:50:36.530309
880000,-105.31222916344163,2025-10-02T02:50:36.530313
885000,-111.74618145981177,2025-10-02T02:50:36.530317
890000,-105.71059294234122,2025-10-02T02:50:36.530321
895000,-115.18548802364661,2025-10-02T02:50:36.530324
900000,-104.69386611475093,2025-10-02T02:50:36.530328
905000,-112.91624380784444,2025-10-02T02:50:36.530332
910000,-105.75384269578937,2025-10-02T02:50:36.530337
915000,-103.18884976877706,2025-10-02T02:50:36.530340
920000,-106.25450445935066,2025-10-02T02:50:36.530344
925000,-112.67428614019047,2025-10-02T02:50:36.530348
930000,-103.20328520252258,2025-10-02T02:50:36.530352
935000,-107.71707357259726,2025-10-02T02:50:36.530356
940000,-117.39970706530579,2025-10-02T02:50:36.530359
945000,-106.92636491494665,2025-10-02T02:50:36.530385
950000,-107.09040291765086,2025-10-02T02:50:36.530390
955000,-111.55184694892178,2025-10-02T02:50:36.530393
960000,-120.68696605738903,2025-10-02T02:50:36.530397
965000,-113.61434847657381,2025-10-02T02:50:36.530401
970000,-98.0232334773934,2025-10-02T02:50:36.530405
975000,-111.4945271364302,2025-10-02T02:50:36.530409
980000,-111.42201624251133,2025-10-02T02:50:36.530412
985000,-111.90692302478044,2025-10-02T02:50:36.530416
990000,-109.06001108384419,2025-10-02T02:50:36.530420
995000,-99.22168731108636,2025-10-02T02:50:36.530424
1000000,-114.87659523210446,2025-10-02T02:50:36.530428
1005000,-109.11188064495569,2025-10-02T02:50:36.530431
1010000,-105.48575142926758,2025-10-02T02:50:36.530435
1015000,-111.00838335583053,2025-10-02T02:50:36.530439
1020000,-106.13052928231959,2025-10-02T02:50:36.530442
1025000,-106.34939094045524,2025-10-02T02:50:36.530446
1030000,-103.86254373513586,2025-10-02T02:50:36.530450
1035000,-111.55865960980918,2025-10-02T02:50:36.530453
1040000,-107.1538531532053,2025-10-02T02:50:36.530456
1045000,-112.40968568197314,2025-10-02T02:50:36.530474
1050000,-114.47702393155843,2025-10-02T02:50:36.530478
1055000,-105.78899201991348,2025-10-02T02:50:36.530535
1060000,-97.76074727178404,2025-10-02T02:50:36.530541
1065000,-103.11878119478149,2025-10-02T02:50:36.530545
1070000,-105.89044787817497,2025-10-02T02:50:36.530549
1075000,-107.93263351001899,2025-10-02T02:50:36.530552
1080000,-104.91692957813507,2025-10-02T02:50:36.530555
1085000,-110.02816321464304,2025-10-02T02:50:36.530559
1090000,-112.96095405720997,2025-10-02T02:50:36.530563
1095000,-109.24537130904483,2025-10-02T02:50:36.530566
1100000,-112.60211912292881,2025-10-02T02:50:36.530570
1105000,-110.47424975376374,2025-10-02T02:50:36.530573
1110000,-105.7737038929958,2025-10-02T02:50:36.530577
1115000,-107.33439598204737,2025-10-02T02:50:36.530581
1120000,-102.30453699215501,2025-10-02T02:50:36.530585
1125000,-112.50438730724301,2025-10-02T02:50:36.530588
1130000,-110.93896531124288,2025-10-02T02:50:36.530592
1135000,-108.14606609195057,2025-10-02T02:50:36.530595
1140000,-109.35713009106257,2025-10-02T02:50:36.530599
1145000,-116.73388225717686,2025-10-02T02:50:36.530602
1150000,-103.60945426055683,2025-10-02T02:50:36.530606
1155000,-108.76701420412019,2025-10-02T02:50:36.530609
1160000,-111.81891310035739,2025-10-02T02:50:36.530613
1165000,-113.6559513955071,2025-10-02T02:50:36.530635
1170000,-108.93618869976841,2025-10-02T02:50:36.530639
1175000,-116.44850026892922,2025-10-02T02:50:36.530643
1180000,-110.65715908182854,2025-10-02T02:50:36.530647
1185000,-113.45926115934542,2025-10-02T02:50:36.530651
1190000,-110.17013573188976,2025-10-02T02:50:36.530655
1195000,-112.30026491221466,2025-10-02T02:50:36.530658
1200000,-109.08069409139328,2025-10-02T02:50:36.530662
1205000,-109.72770205610622,2025-10-02T02:50:36.530666
1210000,-110.49526544584215,2025-10-02T02:50:36.530670
1215000,-111.54457328765594,2025-10-02T02:50:36.530673
1220000,-103.07097996440135,2025-10-02T02:50:36.530677
1225000,-105.5097048592971,2025-10-02T02:50:36.530681
1230000,-113.39415104972302,2025-10-02T02:50:36.530684
1235000,-101.6230667654983,2025-10-02T02:50:36.530688
1240000,-117.28474107607293,2025-10-02T02:50:36.530691
1245000,-108.41478793344149,2025-10-02T02:50:36.530695
1250000,-112.84034079832522,2025-10-02T02:50:36.530709
1255000,-111.64536288322567,2025-10-02T02:50:36.530713
1260000,-109.08930204267922,2025-10-02T02:50:36.530717
1265000,-113.71074455414667,2025-10-02T02:50:36.530721
1270000,-117.75521315289103,2025-10-02T02:50:36.530725
1275000,-116.5848785537059,2025-10-02T02:50:36.530728
1280000,-107.37022365302596,2025-10-02T02:50:36.530732
1285000,-115.24767179909567,2025-10-02T02:50:36.530735
1290000,-111.58524607739032,2025-10-02T02:50:36.530739
1295000,-101.93416589058569,2025-10-02T02:50:36.530743
1300000,-103.46609792602834,2025-10-02T02:50:36.530746
1305000,-108.51476768531197,2025-10-02T02:50:36.530819
1310000,-117.57582453045444,2025-10-02T02:50:36.530825
1315000,-112.1737212010995,2025-10-02T02:50:36.530829
1320000,-119.25838217148468,2025-10-02T02:50:36.530832
1325000,-109.82715218133725,2025-10-02T02:50:36.530836
1330000,-106.0150470167785,2025-10-02T02:50:36.530839
1335000,-105.38096709830847,2025-10-02T02:50:36.530843
1340000,-109.33253616326701,2025-10-02T02:50:36.530847
1345000,-110.2447931827816,2025-10-02T02:50:36.530850
1350000,-106.28383891627745,2025-10-02T02:50:36.530854
1355000,-122.12582786067213,2025-10-02T02:50:36.530858
1360000,-111.79469413533624,2025-10-02T02:50:36.530862
1365000,-100.00130794722831,2025-10-02T02:50:36.530865
1370000,-111.57629603505843,2025-10-02T02:50:36.530869
1375000,-109.76496309557695,2025-10-02T02:50:36.530872
1380000,-105.03070305916984,2025-10-02T02:50:36.530877
1385000,-113.21562484915214,2025-10-02T02:50:36.530880
1390000,-101.13416333411818,2025-10-02T02:50:36.530884
1395000,-102.00520423446962,2025-10-02T02:50:36.530887
1400000,-109.69351250097421,2025-10-02T02:50:36.530891
1405000,-116.75362426049655,2025-10-02T02:50:36.530895
1410000,-101.60318149350651,2025-10-02T02:50:36.530899
1415000,-109.99622301921565,2025-10-02T02:50:36.530902
1420000,-109.10425969730524,2025-10-02T02:50:36.530906
1425000,-109.01024508191426,2025-10-02T02:50:36.530910
1430000,-106.12711443176983,2025-10-02T02:50:36.530913
1435000,-116.8433908225015,2025-10-02T02:50:36.530916
1440000,-109.79038996663037,2025-10-02T02:50:36.530921
1445000,-110.39718286804678,2025-10-02T02:50:36.530924
1450000,-114.31616833830952,2025-10-02T02:50:36.530928
1455000,-107.74124144274047,2025-10-02T02:50:36.530932
1460000,-107.49357710954287,2025-10-02T02:50:36.530984
1465000,-114.6641318928953,2025-10-02T02:50:36.531018
1470000,-114.89816394823363,2025-10-02T02:50:36.531022
1475000,-105.33859260705142,2025-10-02T02:50:36.531026
1480000,-104.56621382135843,2025-10-02T02:50:36.531030
1485000,-109.34311770802698,2025-10-02T02:50:36.531034
1490000,-114.82515918785815,2025-10-02T02:50:36.531038
1495000,-114.17502665914913,2025-10-02T02:50:36.531041
1500000,-110.52007573563215,2025-10-02T02:50:36.531046
1505000,-105.26292360743088,2025-10-02T02:50:36.531050
1510000,-101.96171692197987,2025-10-02T02:50:36.531053
1515000,-112.64775565237306,2025-10-02T02:50:36.531057
1520000,-103.40824469603062,2025-10-02T02:50:36.531061
1525000,-109.88774128116093,2025-10-02T02:50:36.531064
1530000,-118.12382908877007,2025-10-02T02:50:36.531068
1535000,-110.25995500661341,2025-10-02T02:50:36.531071
1540000,-106.81551895967091,2025-10-02T02:50:36.531075
1545000,-108.26816172820105,2025-10-02T02:50:36.531079
1550000,-108.84387757849225,2025-10-02T02:50:36.531083
1555000,-107.52075086025617,2025-10-02T02:50:36.531219
1560000,-113.76256236368795,2025-10-02T02:50:36.531226
1565000,-109.57963622058634,2025-10-02T02:50:36.531229
1570000,-105.95260375982411,2025-10-02T02:50:36.531233
1575000,-110.88898173352273,2025-10-02T02:50:36.531236
1580000,-109.24789047592125,2025-10-02T02:50:36.531241
1585000,-108.25038367790417,2025-10-02T02:50:36.531245
1590000,-110.88571150821508,2025-10-02T02:50:36.531248
1595000,-103.1174994568739,2025-10-02T02:50:36.531252
1600000,-112.03714810153289,2025-10-02T02:50:36.531255
1605000,-115.06678316390894,2025-10-02T02:50:36.531259
1610000,-108.26508887380476,2025-10-02T02:50:36.531263
1615000,-106.02361989378213,2025-10-02T02:50:36.531266
1620000,-105.38799170390361,2025-10-02T02:50:36.531269
1625000,-119.62051118700683,2025-10-02T02:50:36.531273
1630000,-117.30925102973657,2025-10-02T02:50:36.531276
1635000,-107.6217082420686,2025-10-02T02:50:36.531280
1640000,-115.32450776802833,2025-10-02T02:50:36.531284
1645000,-114.23249301249746,2025-10-02T02:50:36.531288
1650000,-106.68796680815959,2025-10-02T02:50:36.531291
1655000,-108.45066251585511,2025-10-02T02:50:36.531295
1660000,-117.57020604464017,2025-10-02T02:50:36.531298
1665000,-109.29751510716075,2025-10-02T02:50:36.531302
1670000,-107.08160370665784,2025-10-02T02:50:36.531306
1675000,-105.23539692578989,2025-10-02T02:50:36.531309
1680000,-104.13478617876835,2025-10-02T02:50:36.531313
1685000,-108.05539035969544,2025-10-02T02:50:36.531316
1690000,-113.18655405382968,2025-10-02T02:50:36.531320
1695000,-119.93151964120436,2025-10-02T02:50:36.531323
1700000,-111.06310531349988,2025-10-02T02:50:36.531327
1705000,-118.03913422034735,2025-10-02T02:50:36.531330
1710000,-106.5239714029089,2025-10-02T02:50:36.531334
1715000,-108.29786454636096,2025-10-02T02:50:36.531337
1720000,-119.96435536241529,2025-10-02T02:50:36.531341
1725000,-113.34018564064402,2025-10-02T02:50:36.531344
1730000,-109.17798682859802,2025-10-02T02:50:36.531348
1735000,-102.54829754898259,2025-10-02T02:50:36.531351
1740000,-109.20449709328437,2025-10-02T02:50:36.531355
1745000,-110.39065105455951,2025-10-02T02:50:36.531358
1750000,-110.71221255761323,2025-10-02T02:50:36.531362
1755000,-106.49066357005006,2025-10-02T02:50:36.531365
1760000,-103.32684620060984,2025-10-02T02:50:36.531369
1765000,-118.32574014025741,2025-10-02T02:50:36.531372
1770000,-104.5839917015487,2025-10-02T02:50:36.531375
1775000,-109.3340595460896,2025-10-02T02:50:36.531379
1780000,-112.85880891602623,2025-10-02T02:50:36.531382
1785000,-110.61821829062606,2025-10-02T02:50:36.531386
1790000,-108.23610821131825,2025-10-02T02:50:36.531389
1795000,-110.55411086876944,2025-10-02T02:50:36.531393
1800000,-115.24319428474433,2025-10-02T02:50:36.531396
1805000,-114.47811121197599,2025-10-02T02:50:36.531466
1810000,-102.39202389114631,2025-10-02T02:50:36.531471
1815000,-111.51094941612644,2025-10-02T02:50:36.531475
1820000,-106.33225062232462,2025-10-02T02:50:36.531479
1825000,-112.7037454949925,2025-10-02T02:50:36.531483
1830000,-108.83711126852062,2025-10-02T02:50:36.531486
1835000,-116.71375408346154,2025-10-02T02:50:36.531490
1840000,-112.74554611141457,2025-10-02T02:50:36.531493
1845000,-110.6514628741787,2025-10-02T02:50:36.531516
1850000,-111.92641575446619,2025-10-02T02:50:36.531520
1855000,-111.00520803166195,2025-10-02T02:50:36.531523
1860000,-110.84869678854332,2025-10-02T02:50:36.531527
1865000,-114.82985471417282,2025-10-02T02:50:36.531530
1870000,-117.44232238836052,2025-10-02T02:50:36.531534
1875000,-119.5273830279292,2025-10-02T02:50:36.531537
1880000,-102.65476601783463,2025-10-02T02:50:36.531541
1885000,-91.81348236681956,2025-10-02T02:50:36.531544
1890000,-111.15894051275473,2025-10-02T02:50:36.531548
1895000,-105.75156700311223,2025-10-02T02:50:36.531551
1900000,-110.50791064919173,2025-10-02T02:50:36.531555
1905000,-101.52638291342171,2025-10-02T02:50:36.531558
1910000,-110.58407308069381,2025-10-02T02:50:36.531561
1915000,-108.3647150218714,2025-10-02T02:50:36.531565
1920000,-114.96739929892314,2025-10-02T02:50:36.531568
1925000,-114.5151526033803,2025-10-02T02:50:36.531572
1930000,-113.74786704781724,2025-10-02T02:50:36.531575
1935000,-106.66349429394424,2025-10-02T02:50:36.531579
1940000,-116.46857977675737,2025-10-02T02:50:36.531582
1945000,-108.59132698055272,2025-10-02T02:50:36.531586
1950000,-111.2240411398244,2025-10-02T02:50:36.531589
1955000,-107.748836495989,2025-10-02T02:50:36.531596
1960000,-105.55466067784809,2025-10-02T02:50:36.531600
1965000,-104.96959863600947,2025-10-02T02:50:36.531604
1970000,-108.94291142003785,2025-10-02T02:50:36.531608
1975000,-109.64531900269202,2025-10-02T02:50:36.531611
1980000,-109.8172227926554,2025-10-02T02:50:36.531614
1985000,-108.98165665431685,2025-10-02T02:50:36.531618
1990000,-113.36696809856188,2025-10-02T02:50:36.531621
1995000,-109.79389696572994,2025-10-02T02:50:36.531625
2000000,-99.02926431566783,2025-10-02T02:50:36.531628
2005000,-102.25531205276347,2025-10-02T02:50:36.531632
2010000,-114.12904725947135,2025-10-02T02:50:36.531635
2015000,-112.02216915657404,2025-10-02T02:50:36.531639
2020000,-111.00654823088172,2025-10-02T02:50:36.531642
2025000,-106.16815398836009,2025-10-02T02:50:36.531646
2030000,-105.24820908844251,2025-10-02T02:50:36.531649
2035000,-105.98054035004895,2025-10-02T02:50:36.531653
2040000,-103.26998315559777,2025-10-02T02:50:36.531656
2045000,-103.17881599255799,2025-10-02T02:50:36.531659
2050000,-116.03208339285365,2025-10-02T02:50:36.531663
2055000,-106.77071599572987,2025-10-02T02:50:36.531729
2060000,-112.64589058441658,2025-10-02T02:50:36.531735
2065000,-104.09502054211427,2025-10-02T02:50:36.531759
2070000,-111.62379197002429,2025-10-02T02:50:36.531763
2075000,-109.32274828361057,2025-10-02T02:50:36.531767
2080000,-108.04933922800365,2025-10-02T02:50:36.531770
2085000,-110.52227196017878,2025-10-02T02:50:36.531774
2090000,-110.71112318017022,2025-10-02T02:50:36.531777
2095000,-109.17148273652899,2025-10-02T02:50:36.531781
2100000,-113.31301373484975,2025-10-02T02:50:36.531784
2105000,-116.12826477426239,2025-10-02T02:50:36.531788
2110000,-110.11755359035517,2025-10-02T02:50:36.531791
2115000,-109.0207380401728,2025-10-02T02:50:36.531795
2120000,-101.99957624249858,2025-10-02T02:50:36.531798
2125000,-106.4641249991221,2025-10-02T02:50:36.531802
2130000,-105.27538109683634,2025-10-02T02:50:36.531805
2135000,-108.86496742921501,2025-10-02T02:50:36.531809
2140000,-108.5327243873786,2025-10-02T02:50:36.531812
2145000,-116.74463189164004,2025-10-02T02:50:36.531816
2150000,-118.65148193834425,2025-10-02T02:50:36.531819
2155000,-110.89574965891065,2025-10-02T02:50:36.531823
2160000,-119.39855828064499,2025-10-02T02:50:36.531826
2165000,-115.01499295339055,2025-10-02T02:50:36.531830
2170000,-109.69737447113627,2025-10-02T02:50:36.531833
2175000,-111.88644060810024,2025-10-02T02:50:36.531837
2180000,-114.31695322134271,2025-10-02T02:50:36.531840
2185000,-117.15737185553859,2025-10-02T02:50:36.531844
2190000,-106.85421516486922,2025-10-02T02:50:36.531847
2195000,-111.62136610235233,2025-10-02T02:50:36.531851
2200000,-110.70574572965744,2025-10-02T02:50:36.531854
2205000,-104.83507127135468,2025-10-02T02:50:36.531857
2210000,-117.17123940539729,2025-10-02T02:50:36.531861
2215000,-103.17875542690356,2025-10-02T02:50:36.531864
2220000,-97.73924629111372,2025-10-02T02:50:36.531868
2225000,-110.90760760823919,2025-10-02T02:50:36.531871
2230000,-108.40909519685198,2025-10-02T02:50:36.531875
2235000,-106.55315173087287,2025-10-02T02:50:36.531878
2240000,-110.63335743007883,2025-10-02T02:50:36.531882
2245000,-106.8515459689192,2025-10-02T02:50:36.531885
2250000,-102.91176872505848,2025-10-02T02:50:36.531888
2255000,-108.77408584834438,2025-10-02T02:50:36.531892
2260000,-112.47297208279423,2025-10-02T02:50:36.531895
2265000,-111.32560771295331,2025-10-02T02:50:36.531899
2270000,-110.1574331263099,2025-10-02T02:50:36.531902
2275000,-108.21406738987507,2025-10-02T02:50:36.531906
2280000,-115.25994851979924,2025-10-02T02:50:36.531909
2285000,-108.89520698277067,2025-10-02T02:50:36.531913
2290000,-109.7925066909002,2025-10-02T02:50:36.531917
2295000,-104.07177500836356,2025-10-02T02:50:36.531920
2300000,-112.9442283108845,2025-10-02T02:50:36.531923
2305000,-114.30531136458275,2025-10-02T02:50:36.531988
2310000,-116.7122408109758,2025-10-02T02:50:36.531993
2315000,-107.8159743670308,2025-10-02T02:50:36.531997
2320000,-110.22841861804939,2025-10-02T02:50:36.532001
2325000,-105.27934729761743,2025-10-02T02:50:36.532004
2330000,-109.69897244565188,2025-10-02T02:50:36.532008
2335000,-115.70503256618193,2025-10-02T02:50:36.532011
2340000,-114.23038341652213,2025-10-02T02:50:36.532014
2345000,-109.26155309470775,2025-10-02T02:50:36.532018
2350000,-106.64434849429396,2025-10-02T02:50:36.532021
2355000,-106.4987726637721,2025-10-02T02:50:36.532025
2360000,-112.56304867560212,2025-10-02T02:50:36.532028
2365000,-107.09967734725157,2025-10-02T02:50:36.532032
2370000,-110.39809871580309,2025-10-02T02:50:36.532035
2375000,-118.6248002517984,2025-10-02T02:50:36.532039
2380000,-111.304964853848,2025-10-02T02:50:36.532042
2385000,-113.99322076771628,2025-10-02T02:50:36.532045
2390000,-114.13598301691539,2025-10-02T02:50:36.532049
2395000,-99.96411855776256,2025-10-02T02:50:36.532052
2400000,-116.4076345129242,2025-10-02T02:50:36.532056
2405000,-113.20279541479923,2025-10-02T02:50:36.532059
2410000,-116.82458687381504,2025-10-02T02:50:36.532063
2415000,-111.98483052198274,2025-10-02T02:50:36.532066
2420000,-108.38225227533228,2025-10-02T02:50:36.532070
2425000,-98.88521657186695,2025-10-02T02:50:36.532073
2430000,-108.64529738820532,2025-10-02T02:50:36.532076
2435000,-118.1564728892728,2025-10-02T02:50:36.532080
2440000,-113.16030341894984,2025-10-02T02:50:36.532083
2445000,-106.79560496950614,2025-10-02T02:50:36.532087
2450000,-112.26702941247235,2025-10-02T02:50:36.532090
2455000,-110.69679303528537,2025-10-02T02:50:36.532094
2460000,-112.85257433977807,2025-10-02T02:50:36.532097
2465000,-110.90515415626395,2025-10-02T02:50:36.532100
2470000,-106.98487041205269,2025-10-02T02:50:36.532104
2475000,-111.87077158846122,2025-10-02T02:50:36.532108
2480000,-104.24286865856266,2025-10-02T02:50:36.532111
2485000,-100.65408805834956,2025-10-02T02:50:36.532114
2490000,-116.18333143269005,2025-10-02T02:50:36.532118
2495000,-111.09354321384143,2025-10-02T02:50:36.532121
2500000,-105.80298849013843,2025-10-02T02:50:36.532125
2505000,-113.58193435814749,2025-10-02T02:50:36.532128
2510000,-104.36284435204578,2025-10-02T02:50:36.532132
2515000,-107.04395758911194,2025-10-02T02:50:36.532135
2520000,-108.18987788618706,2025-10-02T02:50:36.532139
2525000,-112.74782240461494,2025-10-02T02:50:36.532142
2530000,-112.40620045863808,2025-10-02T02:50:36.532145
2535000,-110.62540006928033,2025-10-02T02:50:36.532149
2540000,-107.24035510068047,2025-10-02T02:50:36.532152
2545000,-104.33372612090842,2025-10-02T02:50:36.532156
2550000,-112.81551272648255,2025-10-02T02:50:36.532160
2555000,-113.77767496582284,2025-10-02T02:50:36.532220
2560000,-105.72986556734595,2025-10-02T02:50:36.532224
2565000,-107.1775884025464,2025-10-02T02:50:36.532228
2570000,-116.20362559631447,2025-10-02T02:50:36.532231
2575000,-109.04229226441639,2025-10-02T02:50:36.532235
2580000,-113.13429400973276,2025-10-02T02:50:36.532238
2585000,-109.48979040456304,2025-10-02T02:50:36.532255
2590000,-109.93063600962266,2025-10-02T02:50:36.532259
2595000,-115.56629501069004,2025-10-02T02:50:36.532263
2600000,-112.85436006605872,2025-10-02T02:50:36.532266
2605000,-108.4493235732437,2025-10-02T02:50:36.532270
2610000,-108.95937594775378,2025-10-02T02:50:36.532273
2615000,-108.11860653648878,2025-10-02T02:50:36.532277
2620000,-110.11570414274152,2025-10-02T02:50:36.532280
2625000,-112.05567949883431,2025-10-02T02:50:36.532284
2630000,-118.50391613921049,2025-10-02T02:50:36.532287
2635000,-112.2933993194957,2025-10-02T02:50:36.532290
2640000,-101.40891675189772,2025-10-02T02:50:36.532294
2645000,-112.47909392895147,2025-10-02T02:50:36.532297
2650000,-112.44541219409984,2025-10-02T02:50:36.532301
2655000,-111.57849878550597,2025-10-02T02:50:36.532304
2660000,-108.41938625770062,2025-10-02T02:50:36.532307
2665000,-111.97993503550819,2025-10-02T02:50:36.532311
2670000,-105.48480703888119,2025-10-02T02:50:36.532314
2675000,-117.94729816623853,2025-10-02T02:50:36.532318
2680000,-116.11265149750102,2025-10-02T02:50:36.532321
2685000,-120.05296583414083,2025-10-02T02:50:36.532324
2690000,-113.44338252811536,2025-10-02T02:50:36.532328
2695000,-112.0080878805185,2025-10-02T02:50:36.532331
2700000,-105.067014712015,2025-10-02T02:50:36.532335
2705000,-106.21281467059495,2025-10-02T02:50:36.532338
2710000,-117.63388831098032,2025-10-02T02:50:36.532342
2715000,-118.95693818895607,2025-10-02T02:50:36.532345
2720000,-115.34006969200044,2025-10-02T02:50:36.532348
2725000,-105.89110830549399,2025-10-02T02:50:36.532352
2730000,-107.71785698375994,2025-10-02T02:50:36.532355
2735000,-112.7087569696892,2025-10-02T02:50:36.532359
2740000,-113.18339817756352,2025-10-02T02:50:36.532362
2745000,-113.37081529817117,2025-10-02T02:50:36.532365
2750000,-111.90717546634839,2025-10-02T02:50:36.532369
2755000,-107.46449498549057,2025-10-02T02:50:36.532372
2760000,-106.16525879091586,2025-10-02T02:50:36.532376
2765000,-109.14379752556064,2025-10-02T02:50:36.532379
2770000,-117.71298463797945,2025-10-02T02:50:36.532382
2775000,-104.02122853108646,2025-10-02T02:50:36.532386
2780000,-116.86188285039647,2025-10-02T02:50:36.532389
2785000,-118.97664563203841,2025-10-02T02:50:36.532393
2790000,-115.08085834120165,2025-10-02T02:50:36.532396
2795000,-110.24920744133387,2025-10-02T02:50:36.532400
2800000,-96.51541111413795,2025-10-02T02:50:36.532403
2805000,-109.33127450231524,2025-10-02T02:50:36.532459
2810000,-112.05592216414885,2025-10-02T02:50:36.532463
2815000,-112.59597810446594,2025-10-02T02:50:36.532467
2820000,-109.07870381026467,2025-10-02T02:50:36.532470
2825000,-106.92956336643073,2025-10-02T02:50:36.532474
2830000,-112.17370540441024,2025-10-02T02:50:36.532478
2835000,-110.63768943476468,2025-10-02T02:50:36.532481
2840000,-118.86155641761921,2025-10-02T02:50:36.532485
2845000,-103.44519147337235,2025-10-02T02:50:36.532488
2850000,-99.45143805614335,2025-10-02T02:50:36.532492
2855000,-105.4012314855678,2025-10-02T02:50:36.532495
2860000,-103.03648960910625,2025-10-02T02:50:36.532499
2865000,-101.77282122040802,2025-10-02T02:50:36.532502
2870000,-105.64533957605062,2025-10-02T02:50:36.532506
2875000,-116.57750442269293,2025-10-02T02:50:36.532509
2880000,-105.44466470371665,2025-10-02T02:50:36.532513
2885000,-114.01755822722691,2025-10-02T02:50:36.532516
2890000,-112.86677222101818,2025-10-02T02:50:36.532520
2895000,-108.80896727876748,2025-10-02T02:50:36.532523
2900000,-104.3215894840947,2025-10-02T02:50:36.532526
2905000,-108.64956188689585,2025-10-02T02:50:36.532530
2910000,-104.54096110429205,2025-10-02T02:50:36.532534
2915000,-102.8243248102557,2025-10-02T02:50:36.532537
2920000,-103.82587078251916,2025-10-02T02:50:36.532540
2925000,-104.91474735072953,2025-10-02T02:50:36.532544
2930000,-108.17380288408555,2025-10-02T02:50:36.532547
2935000,-110.06409200273053,2025-10-02T02:50:36.532551
2940000,-109.01719514817215,2025-10-02T02:50:36.532554
2945000,-121.75634239712493,2025-10-02T02:50:36.532558
2950000,-106.2474046102333,2025-10-02T02:50:36.532561
2955000,-101.21931765370206,2025-10-02T02:50:36.532564
2960000,-113.60935486711013,2025-10-02T02:50:36.532568
2965000,-117.75383809977542,2025-10-02T02:50:36.532571
2970000,-108.28498661702592,2025-10-02T02:50:36.532574
2975000,-113.55909547252392,2025-10-02T02:50:36.532578
2980000,-111.46251902744272,2025-10-02T02:50:36.532581
2985000,-109.39414493380363,2025-10-02T02:50:36.532585
2990000,-115.15737792498784,2025-10-02T02:50:36.532588
2995000,-115.72149036197885,2025-10-02T02:50:36.532591
3000000,-106.78086841638103,2025-10-02T02:50:36.532595
