layer,timestamp,activity_score,peak_amplitude,dominant_frequency,patterns
physical_layer,2025-10-06 00:02:31.925079,0.7165183557768462,0.20337982146508823,1000.0,
physical_layer,2025-10-06 00:02:32.218507,0.5432439503176459,0.15238250926937924,1636.3636363636365,
physical_layer,2025-10-06 00:02:32.508181,0.45312413561171305,0.14548242316106016,1818.181818181818,
physical_layer,2025-10-06 00:02:32.816288,0.6677241223530995,0.23129414143236757,1818.181818181818,
physical_layer,2025-10-06 00:02:33.107806,1.1063007456541845,0.38332197104782617,1454.5454545454545,
physical_layer,2025-10-06 00:02:33.398233,1.196627891466533,0.462603210905543,1454.5454545454545,amplitude_spike
physical_layer,2025-10-06 00:02:33.687448,1.2597643910054797,0.5273189320049244,1454.5454545454545,cross_layer_interference
physical_layer,2025-10-06 00:02:34.004008,1.0625271612159775,0.4514061519564079,1636.3636363636365,
physical_layer,2025-10-06 00:02:34.300317,0.9033264606160869,0.41553796751909844,1000.0,
physical_layer,2025-10-06 00:02:34.591474,0.6846045624930728,0.3371198760477776,1181.8181818181818,
physical_layer,2025-10-06 00:02:34.890608,0.6278993731040601,0.3083799315813701,1000.0,
physical_layer,2025-10-06 00:02:35.208348,0.5175018188013404,0.24302929348931274,1454.5454545454545,
physical_layer,2025-10-06 00:02:35.503632,0.5589727422067376,0.23225389042276007,1454.5454545454545,
physical_layer,2025-10-06 00:02:35.802074,0.7993580923954182,0.2800124519585572,1454.5454545454545,
physical_layer,2025-10-06 00:02:36.104213,0.8840437484044349,0.28199346097155825,1818.181818181818,
physical_layer,2025-10-06 00:02:36.416875,1.1133872948598462,0.37656447485879097,1909.090909090909,
physical_layer,2025-10-06 00:02:36.704674,1.2365947557791344,0.4726019014612597,1909.090909090909,cross_layer_interference
physical_layer,2025-10-06 00:02:36.997181,1.1941572254622561,0.49075319548202373,1909.090909090909,
physical_layer,2025-10-06 00:02:37.314931,1.377027993630033,0.5685767978442142,1454.5454545454545,cross_layer_interference
physical_layer,2025-10-06 00:02:37.608449,1.3242013807361892,0.5042109661309504,1454.5454545454545,cross_layer_interference
physical_layer,2025-10-06 00:02:37.899193,1.1629882818826842,0.4036401366861805,1454.5454545454545,
physical_layer,2025-10-06 00:02:38.196125,0.6715215597845606,0.2372186368859248,1000.0,
physical_layer,2025-10-06 00:02:38.518304,0.4958281904403003,0.20614296560863565,1909.090909090909,
physical_layer,2025-10-06 00:02:38.815058,0.4172163786134644,0.20220543188833245,1909.090909090909,
physical_layer,2025-10-06 00:02:39.110892,0.5729189095027749,0.29206099734326374,1909.090909090909,
physical_layer,2025-10-06 00:02:39.403927,0.8394527526190108,0.42873288598586073,1909.090909090909,
physical_layer,2025-10-06 00:02:39.713931,1.09230075979548,0.5074640022974123,1454.5454545454545,
physical_layer,2025-10-06 00:02:40.008187,1.3541943460965746,0.5621999358272532,1454.5454545454545,cross_layer_interference
physical_layer,2025-10-06 00:02:40.304819,1.4043605593091155,0.49698186612753587,1454.5454545454545,cross_layer_interference
physical_layer,2025-10-06 00:02:40.606976,1.2582207940866421,0.4282194662652209,1454.5454545454545,cross_layer_interference
physical_layer,2025-10-06 00:02:40.919638,1.0048737595438533,0.3473498913878133,1000.0,
physical_layer,2025-10-06 00:02:41.214826,0.7963445490329542,0.25922696750328195,1000.0,
physical_layer,2025-10-06 00:02:41.511814,0.8715715359318299,0.2839357999281954,1454.5454545454545,
physical_layer,2025-10-06 00:02:41.826454,0.731548026988652,0.24797429792170403,1909.090909090909,
physical_layer,2025-10-06 00:02:42.116839,0.7624525926407557,0.2809689697910908,1454.5454545454545,
physical_layer,2025-10-06 00:02:42.412218,0.9138086782821769,0.3561742341356526,1909.090909090909,
physical_layer,2025-10-06 00:02:42.709173,0.9418829724122713,0.44141582680620783,1909.090909090909,
physical_layer,2025-10-06 00:02:43.030926,0.8870151560991274,0.4910468818141165,1909.090909090909,
physical_layer,2025-10-06 00:02:43.328414,0.8635140020969596,0.49684619614591263,1909.090909090909,
physical_layer,2025-10-06 00:02:43.622784,1.0568597218919293,0.5606853632379988,1454.5454545454545,
physical_layer,2025-10-06 00:02:43.917134,1.1416958268270374,0.49667878735393656,1454.5454545454545,
physical_layer,2025-10-06 00:02:44.229083,1.264413355480514,0.42545500875343745,1454.5454545454545,cross_layer_interference
physical_layer,2025-10-06 00:02:44.527110,0.7270847455141172,0.2072057759435102,1000.0,
physical_layer,2025-10-06 00:02:44.818295,0.5554350840893935,0.15593896365659238,1909.090909090909,
physical_layer,2025-10-06 00:02:45.109203,0.5269456134536411,0.16253415811162242,1909.090909090909,
physical_layer,2025-10-06 00:02:45.423059,0.7561307859642787,0.26752291811436696,1909.090909090909,
physical_layer,2025-10-06 00:02:45.713103,1.0981557756972111,0.37326330950305664,1454.5454545454545,
physical_layer,2025-10-06 00:02:46.005458,1.35091660367025,0.4934522803846195,1454.5454545454545,"amplitude_spike, cross_layer_interference"
physical_layer,2025-10-06 00:02:46.303141,1.2886128975846638,0.5386702952456225,1454.5454545454545,cross_layer_interference
physical_layer,2025-10-06 00:02:46.624679,1.0947305177878026,0.4645653616656839,1272.7272727272727,
data_link_layer,2025-10-06 00:02:31.925079,1.6624094560696736,0.430875335449333,2909.090909090909,"high_activity, cross_layer_interference, cross_layer_interference"
data_link_layer,2025-10-06 00:02:32.218507,1.239608320929612,0.3413315623280039,2909.090909090909,cross_layer_interference
data_link_layer,2025-10-06 00:02:32.508181,0.9758679754870685,0.3135556908977057,2909.090909090909,
data_link_layer,2025-10-06 00:02:32.816288,1.1546515042450347,0.40374122481934194,2454.5454545454545,
data_link_layer,2025-10-06 00:02:33.107806,1.8665295082003939,0.6399238748590735,2454.5454545454545,"high_activity, cross_layer_interference"
data_link_layer,2025-10-06 00:02:33.398233,1.6997105137381492,0.6519449173160109,2454.5454545454545,"high_activity, cross_layer_interference"
data_link_layer,2025-10-06 00:02:33.687448,1.5484387456318176,0.6397511040831942,2454.5454545454545,"high_activity, cross_layer_interference"
data_link_layer,2025-10-06 00:02:34.004008,1.1645636420186685,0.48711088453491774,2000.0,
data_link_layer,2025-10-06 00:02:34.300317,1.792545534960446,0.7616936010602966,2909.090909090909,"high_activity, cross_layer_interference, cross_layer_interference"
data_link_layer,2025-10-06 00:02:34.591474,1.33017793853802,0.5690388599373128,2909.090909090909,"cross_layer_interference, cross_layer_interference"
data_link_layer,2025-10-06 00:02:34.890608,1.4986815797264086,0.6112485500327328,2909.090909090909,cross_layer_interference
data_link_layer,2025-10-06 00:02:35.208348,1.6353651925382209,0.6693957698345679,2909.090909090909,"high_activity, cross_layer_interference"
data_link_layer,2025-10-06 00:02:35.503632,1.746804835428105,0.6301159254982927,2909.090909090909,"high_activity, cross_layer_interference"
data_link_layer,2025-10-06 00:02:35.802074,1.8047802294107136,0.5938728235624049,2909.090909090909,"high_activity, cross_layer_interference"
data_link_layer,2025-10-06 00:02:36.104213,1.662520411960706,0.540781355783168,2909.090909090909,"high_activity, cross_layer_interference"
data_link_layer,2025-10-06 00:02:36.416875,2.0426481272667756,0.7116062648345467,2909.090909090909,"high_activity, cross_layer_interference"
data_link_layer,2025-10-06 00:02:36.704674,1.5278093180064334,0.5495649949178774,2454.5454545454545,"high_activity, cross_layer_interference"
data_link_layer,2025-10-06 00:02:36.997181,1.6354892150700273,0.5432538360794965,2272.727272727273,"high_activity, cross_layer_interference, cross_layer_interference"
data_link_layer,2025-10-06 00:02:37.314931,1.5811564343158082,0.5610152818230658,2454.5454545454545,"high_activity, cross_layer_interference, cross_layer_interference"
data_link_layer,2025-10-06 00:02:37.608449,1.2341998729819321,0.4482415788787385,2454.5454545454545,"cross_layer_interference, cross_layer_interference"
data_link_layer,2025-10-06 00:02:37.899193,1.1866703644637897,0.4098345590808239,2909.090909090909,
data_link_layer,2025-10-06 00:02:38.196125,2.2262602189331293,0.7390633351388916,2909.090909090909,"high_activity, cross_layer_interference, cross_layer_interference"
data_link_layer,2025-10-06 00:02:38.518304,1.5512051213801301,0.6008821929938947,2909.090909090909,"high_activity, cross_layer_interference, cross_layer_interference"
data_link_layer,2025-10-06 00:02:38.815058,1.643703646714462,0.7128524133842038,2909.090909090909,"high_activity, cross_layer_interference"
data_link_layer,2025-10-06 00:02:39.110892,1.6655873967964008,0.8115313872035839,2909.090909090909,"high_activity, cross_layer_interference"
data_link_layer,2025-10-06 00:02:39.403927,1.8393043911059994,0.9246733088419061,2545.4545454545455,"high_activity, cross_layer_interference"
data_link_layer,2025-10-06 00:02:39.713931,1.8644234845063619,0.8810449380531055,2545.4545454545455,"high_activity, cross_layer_interference"
data_link_layer,2025-10-06 00:02:40.008187,1.981391611856368,0.8293394061500152,2545.4545454545455,"high_activity, cross_layer_interference"
data_link_layer,2025-10-06 00:02:40.304819,1.534550112558115,0.5475624380310654,2090.909090909091,"high_activity, cross_layer_interference, cross_layer_interference"
data_link_layer,2025-10-06 00:02:40.606976,1.262000129472713,0.43695568656546363,2090.909090909091,"cross_layer_interference, cross_layer_interference"
data_link_layer,2025-10-06 00:02:40.919638,1.4491833786104593,0.4792554005774998,2818.181818181818,"cross_layer_interference, cross_layer_interference"
data_link_layer,2025-10-06 00:02:41.214826,0.9104208239282526,0.29935989035711597,2727.272727272727,
data_link_layer,2025-10-06 00:02:41.511814,1.0412110229571319,0.36643347499593987,2454.5454545454545,
data_link_layer,2025-10-06 00:02:41.826454,1.285149342702051,0.447352935672944,2545.4545454545455,cross_layer_interference
data_link_layer,2025-10-06 00:02:42.116839,1.4772434334015485,0.5497546942353009,2545.4545454545455,cross_layer_interference
data_link_layer,2025-10-06 00:02:42.412218,1.4613993539874817,0.583570042834497,2909.090909090909,cross_layer_interference
data_link_layer,2025-10-06 00:02:42.709173,1.4277386007005985,0.6803189857559085,2636.363636363636,cross_layer_interference
data_link_layer,2025-10-06 00:02:43.030926,1.2761495786508779,0.6968984932763492,2545.4545454545455,cross_layer_interference
data_link_layer,2025-10-06 00:02:43.328414,1.6072997249605727,0.8387508414799166,2727.272727272727,"high_activity, cross_layer_interference"
data_link_layer,2025-10-06 00:02:43.622784,1.5728179571838505,0.7534641942215705,2545.4545454545455,"high_activity, cross_layer_interference"
data_link_layer,2025-10-06 00:02:43.917134,1.7200596193722784,0.6684668857183456,2545.4545454545455,"high_activity, cross_layer_interference"
data_link_layer,2025-10-06 00:02:44.229083,2.2617261360525998,0.6824795286185186,2909.090909090909,"high_activity, cross_layer_interference, cross_layer_interference"
data_link_layer,2025-10-06 00:02:44.527110,1.4624706572311583,0.388584252781068,2818.181818181818,"cross_layer_interference, cross_layer_interference"
data_link_layer,2025-10-06 00:02:44.818295,1.729042745626961,0.46603746670841606,2909.090909090909,"high_activity, cross_layer_interference, cross_layer_interference"
data_link_layer,2025-10-06 00:02:45.109203,0.9383067519004573,0.3085421793814702,2818.181818181818,
data_link_layer,2025-10-06 00:02:45.423059,1.1421572795254469,0.4190234148519496,2363.6363636363635,
data_link_layer,2025-10-06 00:02:45.713103,1.4820547672485977,0.5420376144781113,2454.5454545454545,cross_layer_interference
data_link_layer,2025-10-06 00:02:46.005458,1.6209315432322988,0.6138370526668361,2454.5454545454545,"high_activity, cross_layer_interference"
data_link_layer,2025-10-06 00:02:46.303141,1.3071539087060442,0.5337577840957566,2454.5454545454545,"cross_layer_interference, cross_layer_interference"
data_link_layer,2025-10-06 00:02:46.624679,1.0115469745384764,0.4262877741535168,2000.0,
network_layer,2025-10-06 00:02:31.925079,2.118231403528066,0.5964431488022125,3272.7272727272725,"high_activity, cross_layer_interference, cross_layer_interference"
network_layer,2025-10-06 00:02:32.218507,1.6357444344539085,0.471282365519369,3909.090909090909,"high_activity, cross_layer_interference, cross_layer_interference"
network_layer,2025-10-06 00:02:32.508181,1.8723830012488876,0.589035324521709,3090.909090909091,"high_activity, cross_layer_interference, cross_layer_interference"
network_layer,2025-10-06 00:02:32.816288,1.3962016891956712,0.504293382008619,3727.272727272727,"cross_layer_interference, cross_layer_interference"
network_layer,2025-10-06 00:02:33.107806,1.3334537978930343,0.5256211203150564,3909.090909090909,"cross_layer_interference, cross_layer_interference"
network_layer,2025-10-06 00:02:33.398233,1.1898942353045743,0.5083640895866445,3545.4545454545455,
network_layer,2025-10-06 00:02:33.687448,1.4975377942000703,0.6277652393974194,3727.272727272727,"cross_layer_interference, cross_layer_interference"
network_layer,2025-10-06 00:02:34.004008,1.6013304336071583,0.6708775571683533,3727.272727272727,"high_activity, cross_layer_interference, cross_layer_interference"
network_layer,2025-10-06 00:02:34.300317,1.642858614486899,0.7377406244155611,3727.272727272727,"high_activity, cross_layer_interference, cross_layer_interference"
network_layer,2025-10-06 00:02:34.591474,1.5581561677586855,0.7741082872321622,3727.272727272727,"high_activity, cross_layer_interference, cross_layer_interference"
network_layer,2025-10-06 00:02:34.890608,1.4573657188690468,0.7378959493566655,3727.272727272727,"cross_layer_interference, cross_layer_interference"
network_layer,2025-10-06 00:02:35.208348,1.6279346568889563,0.7957134006391021,3272.7272727272725,"high_activity, cross_layer_interference, cross_layer_interference"
network_layer,2025-10-06 00:02:35.503632,1.6617316000710713,0.7117429887158326,3727.272727272727,"high_activity, cross_layer_interference, cross_layer_interference"
network_layer,2025-10-06 00:02:35.802074,1.8502069592946884,0.6772856473670226,3545.4545454545455,"high_activity, cross_layer_interference, cross_layer_interference"
network_layer,2025-10-06 00:02:36.104213,1.894947620585822,0.6255185526426551,3545.4545454545455,"high_activity, cross_layer_interference, cross_layer_interference"
network_layer,2025-10-06 00:02:36.416875,2.0040634627248806,0.7068828670294882,3000.0,"high_activity, cross_layer_interference, cross_layer_interference"
network_layer,2025-10-06 00:02:36.704674,1.2833978564182529,0.5035799954471583,3363.6363636363635,"cross_layer_interference, cross_layer_interference"
network_layer,2025-10-06 00:02:36.997181,0.9318599949192222,0.3902514416759334,3363.6363636363635,
network_layer,2025-10-06 00:02:37.314931,0.9339050352666418,0.3949410427493114,3545.4545454545455,
network_layer,2025-10-06 00:02:37.608449,1.3878106360785776,0.5241164557523419,3272.7272727272725,"cross_layer_interference, cross_layer_interference"
network_layer,2025-10-06 00:02:37.899193,1.7648452923964717,0.6341338776746035,3000.0,"high_activity, cross_layer_interference, cross_layer_interference"
network_layer,2025-10-06 00:02:38.196125,1.7159805214611012,0.6220427084746498,3363.6363636363635,"high_activity, cross_layer_interference, cross_layer_interference"
network_layer,2025-10-06 00:02:38.518304,1.723373078791091,0.727637495207518,3363.6363636363635,"high_activity, cross_layer_interference, cross_layer_interference"
network_layer,2025-10-06 00:02:38.815058,1.7001860711436179,0.8416316399530601,3545.4545454545455,"high_activity, cross_layer_interference, cross_layer_interference"
network_layer,2025-10-06 00:02:39.110892,1.6081681511190695,0.8646819817966973,3363.6363636363635,"high_activity, cross_layer_interference, cross_layer_interference"
network_layer,2025-10-06 00:02:39.403927,1.543157848496142,0.8470521468689586,3363.6363636363635,"high_activity, cross_layer_interference, cross_layer_interference"
network_layer,2025-10-06 00:02:39.713931,1.5620077591818022,0.7517708962564361,3363.6363636363635,"high_activity, cross_layer_interference, cross_layer_interference"
network_layer,2025-10-06 00:02:40.008187,1.6216699307334965,0.664529029488004,3000.0,"high_activity, cross_layer_interference, cross_layer_interference"
network_layer,2025-10-06 00:02:40.304819,2.307996956741486,0.7656990798359123,3000.0,"high_activity, cross_layer_interference, cross_layer_interference"
network_layer,2025-10-06 00:02:40.606976,1.4410474799865622,0.45226862814732693,3181.818181818182,"cross_layer_interference, cross_layer_interference"
network_layer,2025-10-06 00:02:40.919638,1.2525895261017548,0.3994880344344104,3181.818181818182,"cross_layer_interference, cross_layer_interference"
network_layer,2025-10-06 00:02:41.214826,1.0752875266642141,0.3577283605757117,3181.818181818182,
network_layer,2025-10-06 00:02:41.511814,1.0915786723463847,0.40859221062319884,3818.181818181818,
network_layer,2025-10-06 00:02:41.826454,1.481829500068938,0.5385526447310623,3818.181818181818,"cross_layer_interference, cross_layer_interference"
network_layer,2025-10-06 00:02:42.116839,1.7706921157897924,0.676957483606885,3636.3636363636365,"high_activity, cross_layer_interference, cross_layer_interference"
network_layer,2025-10-06 00:02:42.412218,1.8479652789738001,0.7522328510746044,3636.3636363636365,"high_activity, cross_layer_interference, cross_layer_interference"
network_layer,2025-10-06 00:02:42.709173,1.6590585563646307,0.8103523875144125,3636.3636363636365,"high_activity, cross_layer_interference, cross_layer_interference"
network_layer,2025-10-06 00:02:43.030926,1.410596539825715,0.7974305289044386,3818.181818181818,"cross_layer_interference, cross_layer_interference"
network_layer,2025-10-06 00:02:43.328414,1.3829970928863684,0.7991111488387342,3181.818181818182,"cross_layer_interference, cross_layer_interference"
network_layer,2025-10-06 00:02:43.622784,1.3609337103484025,0.7446361787967599,3181.818181818182,"cross_layer_interference, cross_layer_interference"
network_layer,2025-10-06 00:02:43.917134,1.5007817099377365,0.6739929354085935,3636.3636363636365,"high_activity, cross_layer_interference, cross_layer_interference"
network_layer,2025-10-06 00:02:44.229083,2.0223065886379747,0.7123165584257806,3090.909090909091,"high_activity, cross_layer_interference, cross_layer_interference"
network_layer,2025-10-06 00:02:44.527110,2.245613015491564,0.6411687259643138,3181.818181818182,"high_activity, cross_layer_interference, cross_layer_interference"
network_layer,2025-10-06 00:02:44.818295,1.5587638604584488,0.45798575132192226,3636.3636363636365,"high_activity, cross_layer_interference, cross_layer_interference"
network_layer,2025-10-06 00:02:45.109203,1.4056329027615768,0.46668029581477466,3909.090909090909,"cross_layer_interference, cross_layer_interference"
network_layer,2025-10-06 00:02:45.423059,1.2970954764817944,0.4894760862197685,3909.090909090909,"cross_layer_interference, cross_layer_interference"
network_layer,2025-10-06 00:02:45.713103,1.2352008839642592,0.5140420218428701,3636.3636363636365,"cross_layer_interference, cross_layer_interference"
network_layer,2025-10-06 00:02:46.005458,1.3305679077568522,0.5533562247853371,3909.090909090909,"cross_layer_interference, cross_layer_interference"
network_layer,2025-10-06 00:02:46.303141,1.2870638898971332,0.553348836136978,3909.090909090909,"cross_layer_interference, cross_layer_interference"
network_layer,2025-10-06 00:02:46.624679,1.6411910645907082,0.690186333233734,3909.090909090909,"high_activity, cross_layer_interference, cross_layer_interference"
transport_layer,2025-10-06 00:02:31.925079,1.6027449313728281,0.43765926963178386,4090.909090909091,"high_activity, cross_layer_interference, cross_layer_interference"
transport_layer,2025-10-06 00:02:32.218507,1.5825638412209069,0.42148828973849733,4000.0,"high_activity, cross_layer_interference, cross_layer_interference"
transport_layer,2025-10-06 00:02:32.508181,1.654229652949349,0.508680347809171,4000.0,"high_activity, cross_layer_interference, cross_layer_interference"
transport_layer,2025-10-06 00:02:32.816288,1.5170079757254142,0.5247907739612038,4000.0,"high_activity, cross_layer_interference, cross_layer_interference"
transport_layer,2025-10-06 00:02:33.107806,1.385416675432233,0.5319240601203927,4000.0,"cross_layer_interference, cross_layer_interference"
transport_layer,2025-10-06 00:02:33.398233,1.4145326375112859,0.5787423242319987,4000.0,"cross_layer_interference, cross_layer_interference"
transport_layer,2025-10-06 00:02:33.687448,1.4695933534399275,0.6290618435071473,4000.0,"cross_layer_interference, cross_layer_interference"
transport_layer,2025-10-06 00:02:34.004008,1.7219970516538394,0.7210388247566689,4000.0,"high_activity, cross_layer_interference, cross_layer_interference"
transport_layer,2025-10-06 00:02:34.300317,1.7154217648529764,0.7770756136754158,4000.0,"high_activity, cross_layer_interference, cross_layer_interference"
transport_layer,2025-10-06 00:02:34.591474,1.6412678920033859,0.8083950152042954,4000.0,"high_activity, cross_layer_interference, cross_layer_interference"
transport_layer,2025-10-06 00:02:34.890608,1.7561106152695007,0.8619069026562303,4000.0,"high_activity, cross_layer_interference, cross_layer_interference"
transport_layer,2025-10-06 00:02:35.208348,1.7589836298807975,0.8431285627156981,4000.0,"high_activity, cross_layer_interference, cross_layer_interference"
transport_layer,2025-10-06 00:02:35.503632,1.9647611510224574,0.8005254649780145,4000.0,"high_activity, cross_layer_interference, cross_layer_interference"
transport_layer,2025-10-06 00:02:35.802074,2.0736897718119174,0.7154570111223779,4000.0,"high_activity, cross_layer_interference, cross_layer_interference"
transport_layer,2025-10-06 00:02:36.104213,1.9367792053996304,0.5811148667945475,4000.0,"high_activity, cross_layer_interference, cross_layer_interference"
transport_layer,2025-10-06 00:02:36.416875,1.568380230517557,0.4972913726720328,4000.0,"high_activity, cross_layer_interference, cross_layer_interference"
transport_layer,2025-10-06 00:02:36.704674,1.446950546371807,0.457401463264595,4000.0,cross_layer_interference
transport_layer,2025-10-06 00:02:36.997181,1.25320069923161,0.41759219549908694,4000.0,cross_layer_interference
transport_layer,2025-10-06 00:02:37.314931,1.163241307968231,0.43898334195855104,4000.0,
transport_layer,2025-10-06 00:02:37.608449,1.3070485628958226,0.4945330056600337,4000.0,cross_layer_interference
transport_layer,2025-10-06 00:02:37.899193,1.709956556825311,0.6075693989683516,4000.0,"high_activity, cross_layer_interference, cross_layer_interference"
transport_layer,2025-10-06 00:02:38.196125,1.9535874679407939,0.7059719861928195,4000.0,"high_activity, cross_layer_interference, cross_layer_interference"
transport_layer,2025-10-06 00:02:38.518304,1.9851820935819209,0.831303179901137,4000.0,"high_activity, cross_layer_interference, cross_layer_interference"
transport_layer,2025-10-06 00:02:38.815058,1.794217097652543,0.8687088888183949,4000.0,"high_activity, cross_layer_interference, cross_layer_interference"
transport_layer,2025-10-06 00:02:39.110892,1.614337709624554,0.8265802112998774,4000.0,"high_activity, cross_layer_interference, cross_layer_interference"
transport_layer,2025-10-06 00:02:39.403927,1.4058491484579014,0.7276466378652988,4000.0,cross_layer_interference
transport_layer,2025-10-06 00:02:39.713931,1.423323344260145,0.6377434886498298,4000.0,cross_layer_interference
transport_layer,2025-10-06 00:02:40.008187,1.2274512827474402,0.48822725976164794,4000.0,cross_layer_interference
transport_layer,2025-10-06 00:02:40.304819,1.2310209328742434,0.3952054990801027,4000.0,cross_layer_interference
transport_layer,2025-10-06 00:02:40.606976,1.1172923183996457,0.3276680217982852,4000.0,
transport_layer,2025-10-06 00:02:40.919638,0.9954723177608036,0.2908124838691433,4000.0,
transport_layer,2025-10-06 00:02:41.214826,1.0417166861108285,0.329005162603104,4000.0,
transport_layer,2025-10-06 00:02:41.511814,1.23850564258746,0.4360667423401034,4000.0,"cross_layer_interference, cross_layer_interference"
transport_layer,2025-10-06 00:02:41.826454,1.6561312569932103,0.5812221804463288,4000.0,"high_activity, cross_layer_interference, cross_layer_interference"
transport_layer,2025-10-06 00:02:42.116839,1.8098333518430432,0.685232238130792,4000.0,"high_activity, cross_layer_interference, cross_layer_interference"
transport_layer,2025-10-06 00:02:42.412218,1.9314501855887412,0.7701642097108589,4000.0,"high_activity, cross_layer_interference, cross_layer_interference"
transport_layer,2025-10-06 00:02:42.709173,1.6303322700120255,0.7674919871060996,4000.0,"high_activity, cross_layer_interference, cross_layer_interference"
transport_layer,2025-10-06 00:02:43.030926,1.345540742246998,0.7255433705348928,4000.0,"cross_layer_interference, cross_layer_interference"
transport_layer,2025-10-06 00:02:43.328414,1.3134455124335978,0.7065113608630594,4000.0,cross_layer_interference
transport_layer,2025-10-06 00:02:43.622784,1.3426689267990617,0.6486739640794176,4090.909090909091,cross_layer_interference
transport_layer,2025-10-06 00:02:43.917134,1.4439140443676162,0.5906406637644658,4000.0,cross_layer_interference
transport_layer,2025-10-06 00:02:44.229083,1.4426138328984783,0.4861268327211819,4000.0,cross_layer_interference
transport_layer,2025-10-06 00:02:44.527110,1.791739585824939,0.4951057961897328,4000.0,"high_activity, cross_layer_interference, cross_layer_interference"
transport_layer,2025-10-06 00:02:44.818295,1.5752690776210887,0.4420994371846866,4000.0,"high_activity, cross_layer_interference, cross_layer_interference"
transport_layer,2025-10-06 00:02:45.109203,1.4598699097013632,0.44002721843288245,4000.0,"cross_layer_interference, cross_layer_interference"
transport_layer,2025-10-06 00:02:45.423059,1.5037292565160527,0.49764100653881965,4000.0,"high_activity, cross_layer_interference, cross_layer_interference"
transport_layer,2025-10-06 00:02:45.713103,1.320728556629753,0.5049863055521472,4000.0,"cross_layer_interference, cross_layer_interference"
transport_layer,2025-10-06 00:02:46.005458,1.44526614185925,0.5888951270665457,4000.0,"cross_layer_interference, cross_layer_interference"
transport_layer,2025-10-06 00:02:46.303141,1.5130387227535518,0.6402820358927113,4000.0,"high_activity, cross_layer_interference, cross_layer_interference"
transport_layer,2025-10-06 00:02:46.624679,1.6076997800908996,0.6756998221392798,4000.0,"high_activity, cross_layer_interference, cross_layer_interference"
session_layer,2025-10-06 00:02:31.925079,1.1378921594464735,0.3240112424157932,5181.818181818182,
session_layer,2025-10-06 00:02:32.218507,1.323805377408969,0.3703432590071876,5363.636363636364,"cross_layer_interference, cross_layer_interference"
session_layer,2025-10-06 00:02:32.508181,1.1728544132661747,0.3746545588686082,5181.818181818182,
session_layer,2025-10-06 00:02:32.816288,1.0177274335656687,0.3826331322700381,5181.818181818182,
session_layer,2025-10-06 00:02:33.107806,1.2603311872056828,0.4873792694417751,5000.0,"cross_layer_interference, cross_layer_interference"
session_layer,2025-10-06 00:02:33.398233,1.4854520846670543,0.554881841198857,5000.0,cross_layer_interference
session_layer,2025-10-06 00:02:33.687448,1.526375422817459,0.5889151368784141,5000.0,"high_activity, cross_layer_interference"
session_layer,2025-10-06 00:02:34.004008,1.3494417748071625,0.5208572742544751,5000.0,cross_layer_interference
session_layer,2025-10-06 00:02:34.300317,1.2168812881624647,0.526915288802504,5000.0,cross_layer_interference
session_layer,2025-10-06 00:02:34.591474,1.1914129628287846,0.5774270711306185,5000.0,
session_layer,2025-10-06 00:02:34.890608,1.2079783978777374,0.5995961919754393,5000.0,cross_layer_interference
session_layer,2025-10-06 00:02:35.208348,1.4412964283048098,0.69147036607323,5000.0,cross_layer_interference
session_layer,2025-10-06 00:02:35.503632,1.4128574606012612,0.5818061833182131,5000.0,cross_layer_interference
session_layer,2025-10-06 00:02:35.802074,1.275398375904729,0.4452840353593289,5000.0,cross_layer_interference
session_layer,2025-10-06 00:02:36.104213,0.7173901831132234,0.2299083692303051,5090.909090909091,
session_layer,2025-10-06 00:02:36.416875,0.6055016755432556,0.21075003091040348,5272.727272727273,
session_layer,2025-10-06 00:02:36.704674,0.7529402226604405,0.2844449935077329,5272.727272727273,
session_layer,2025-10-06 00:02:36.997181,0.8026968494238338,0.31107705025566457,5272.727272727273,
session_layer,2025-10-06 00:02:37.314931,0.9069815404231598,0.36488488391465107,5090.909090909091,
session_layer,2025-10-06 00:02:37.608449,1.479555451624947,0.5272761168175188,5000.0,cross_layer_interference
session_layer,2025-10-06 00:02:37.899193,1.7366196614696434,0.5788737169240163,5000.0,"high_activity, cross_layer_interference"
session_layer,2025-10-06 00:02:38.196125,1.4104492726384108,0.4932553443069758,5000.0,cross_layer_interference
session_layer,2025-10-06 00:02:38.518304,1.2663922035480506,0.5156788560533465,5000.0,cross_layer_interference
session_layer,2025-10-06 00:02:38.815058,0.9327769832665687,0.4496989344140422,5000.0,
session_layer,2025-10-06 00:02:39.110892,0.678148626773837,0.35759279351170215,5090.909090909091,
session_layer,2025-10-06 00:02:39.403927,0.8030250754343354,0.43405491449190375,5000.0,
session_layer,2025-10-06 00:02:39.713931,0.5585067193500335,0.27145017033899366,5000.0,
session_layer,2025-10-06 00:02:40.008187,0.48121873486078004,0.20105301266060058,5090.909090909091,
session_layer,2025-10-06 00:02:40.304819,0.5051660327416763,0.1711792369977561,5727.272727272727,
session_layer,2025-10-06 00:02:40.606976,0.7879884971489051,0.2484415581397255,5727.272727272727,
session_layer,2025-10-06 00:02:40.919638,1.1257917871341274,0.3357315518621329,5545.454545454545,
session_layer,2025-10-06 00:02:41.214826,1.4590696027974377,0.4150951663574612,5363.636363636364,"cross_layer_interference, cross_layer_interference"
session_layer,2025-10-06 00:02:41.511814,1.3904137626241349,0.4951603033032315,5090.909090909091,"cross_layer_interference, cross_layer_interference"
session_layer,2025-10-06 00:02:41.826454,1.5600213035648993,0.5319836230662982,5000.0,"high_activity, cross_layer_interference, cross_layer_interference"
session_layer,2025-10-06 00:02:42.116839,1.7049266846414255,0.5981775128400955,5000.0,"high_activity, cross_layer_interference, cross_layer_interference"
session_layer,2025-10-06 00:02:42.412218,1.0980180283486742,0.4232542728647404,5000.0,
session_layer,2025-10-06 00:02:42.709173,0.8823369221678423,0.40975015485741334,5000.0,
session_layer,2025-10-06 00:02:43.030926,0.7769331099234175,0.4156731277499441,5000.0,
session_layer,2025-10-06 00:02:43.328414,0.5917877733265248,0.33532156082096154,5181.818181818182,
session_layer,2025-10-06 00:02:43.622784,0.829826230821044,0.44198962444646284,5000.0,
session_layer,2025-10-06 00:02:43.917134,1.095451896358787,0.46991688726764697,5000.0,
session_layer,2025-10-06 00:02:44.229083,1.3249741619005333,0.4566361308303356,5000.0,cross_layer_interference
session_layer,2025-10-06 00:02:44.527110,1.2230762271493005,0.3465473742417746,5181.818181818182,cross_layer_interference
session_layer,2025-10-06 00:02:44.818295,1.1583501150862439,0.34279244690254956,5181.818181818182,
session_layer,2025-10-06 00:02:45.109203,1.0887642472996955,0.3599302528601993,5181.818181818182,
session_layer,2025-10-06 00:02:45.423059,1.060955308256296,0.39458044390688557,5181.818181818182,
session_layer,2025-10-06 00:02:45.713103,1.225335137265585,0.4723779547990551,5000.0,cross_layer_interference
session_layer,2025-10-06 00:02:46.005458,1.3751000133890021,0.5281019404921773,5000.0,cross_layer_interference
session_layer,2025-10-06 00:02:46.303141,1.6761177976616013,0.6303734866351223,5000.0,"high_activity, cross_layer_interference"
session_layer,2025-10-06 00:02:46.624679,1.253138794961167,0.4914890166044372,5000.0,cross_layer_interference
presentation_layer,2025-10-06 00:02:31.925079,1.2774749196505595,0.3561303545220431,6000.0,"cross_layer_interference, cross_layer_interference"
presentation_layer,2025-10-06 00:02:32.218507,1.1242758871407832,0.3145555841175358,6000.0,
presentation_layer,2025-10-06 00:02:32.508181,1.1233670948779941,0.3583310197754141,6000.0,
presentation_layer,2025-10-06 00:02:32.816288,1.0317902035346516,0.37901906809324354,6000.0,
presentation_layer,2025-10-06 00:02:33.107806,0.8272565004287684,0.3474093009386481,6000.0,
presentation_layer,2025-10-06 00:02:33.398233,0.7039991559007708,0.28947246777828245,6000.0,
presentation_layer,2025-10-06 00:02:33.687448,0.5694877215841471,0.2395811885643998,6909.090909090909,
presentation_layer,2025-10-06 00:02:34.004008,0.5614692568833304,0.23708517197865742,6000.0,
presentation_layer,2025-10-06 00:02:34.300317,0.6841950933884435,0.309784839327372,6000.0,
presentation_layer,2025-10-06 00:02:34.591474,0.7816474527855711,0.3918034571468015,6909.090909090909,
presentation_layer,2025-10-06 00:02:34.890608,0.7794212620899847,0.3974488854737258,6090.909090909091,
presentation_layer,2025-10-06 00:02:35.208348,0.9311776947959489,0.45176708218533296,6000.0,
presentation_layer,2025-10-06 00:02:35.503632,0.7367694581528892,0.3080783712980902,6090.909090909091,
presentation_layer,2025-10-06 00:02:35.802074,0.5227495090253003,0.18585682615632726,6090.909090909091,
presentation_layer,2025-10-06 00:02:36.104213,0.43184129580419106,0.13986593752123,6000.0,
presentation_layer,2025-10-06 00:02:36.416875,0.5233965626926238,0.1867073683750456,6090.909090909091,
presentation_layer,2025-10-06 00:02:36.704674,0.6496118025378042,0.25644373740350185,6000.0,
presentation_layer,2025-10-06 00:02:36.997181,0.8602818589471519,0.34878742133563406,6545.454545454545,
presentation_layer,2025-10-06 00:02:37.314931,0.915537036300785,0.4007069944964815,6363.636363636363,
presentation_layer,2025-10-06 00:02:37.608449,0.9406690316017243,0.36202617655656566,6000.0,
presentation_layer,2025-10-06 00:02:37.899193,0.9488692142556995,0.3385021959074488,6000.0,
presentation_layer,2025-10-06 00:02:38.196125,0.7387128524011564,0.2626920174871529,6000.0,
presentation_layer,2025-10-06 00:02:38.518304,0.6752948819040151,0.2784490677106928,6000.0,
presentation_layer,2025-10-06 00:02:38.815058,0.6778676317354158,0.32831454651621006,6000.0,
presentation_layer,2025-10-06 00:02:39.110892,0.6486976277954523,0.34216795821649476,6000.0,
presentation_layer,2025-10-06 00:02:39.403927,0.6650929760614741,0.3625256034875645,6000.0,
presentation_layer,2025-10-06 00:02:39.713931,0.5604125147411945,0.26773303224222794,6000.0,
presentation_layer,2025-10-06 00:02:40.008187,0.5612685321837236,0.23365242009701057,6000.0,
presentation_layer,2025-10-06 00:02:40.304819,0.7332951098326,0.25173007134857833,6000.0,
presentation_layer,2025-10-06 00:02:40.606976,1.0918235821799196,0.36024698555868767,6000.0,
presentation_layer,2025-10-06 00:02:40.919638,1.2630882052362413,0.4156439294349063,6000.0,
presentation_layer,2025-10-06 00:02:41.214826,1.6647229099424365,0.5093339246201851,6000.0,high_activity
presentation_layer,2025-10-06 00:02:41.511814,1.3941503665763935,0.4699230970790346,6000.0,"cross_layer_interference, cross_layer_interference"
presentation_layer,2025-10-06 00:02:41.826454,1.0368250177905491,0.3640001492875654,6000.0,
presentation_layer,2025-10-06 00:02:42.116839,0.7328069423845257,0.27262057453985616,6000.0,
presentation_layer,2025-10-06 00:02:42.412218,0.5900402151360326,0.23391870600064146,6000.0,
presentation_layer,2025-10-06 00:02:42.709173,0.6248625450053331,0.29520819429823186,6000.0,
presentation_layer,2025-10-06 00:02:43.030926,0.6262269679237739,0.3363199150816502,6000.0,
presentation_layer,2025-10-06 00:02:43.328414,0.7396670062479157,0.41460589545409055,6000.0,
presentation_layer,2025-10-06 00:02:43.622784,0.8453149455038603,0.4510274568857767,6000.0,
presentation_layer,2025-10-06 00:02:43.917134,0.9165941233439484,0.39982273365750093,6000.0,
presentation_layer,2025-10-06 00:02:44.229083,0.9552754772117192,0.33281240792654365,6000.0,
presentation_layer,2025-10-06 00:02:44.527110,1.0086058722784033,0.28458258758533295,6000.0,
presentation_layer,2025-10-06 00:02:44.818295,1.0848924422872486,0.2989750767316618,6000.0,
presentation_layer,2025-10-06 00:02:45.109203,0.8680073192682423,0.2813547617938298,6000.0,
presentation_layer,2025-10-06 00:02:45.423059,0.7790093917170068,0.3021534392325057,6272.727272727273,
presentation_layer,2025-10-06 00:02:45.713103,0.8027491095959609,0.3255284255496611,6000.0,
presentation_layer,2025-10-06 00:02:46.005458,0.5865002620993108,0.24335788517283516,6090.909090909091,
presentation_layer,2025-10-06 00:02:46.303141,0.46113709270040676,0.1971986344478286,6090.909090909091,
presentation_layer,2025-10-06 00:02:46.624679,0.5525093467595715,0.2319434364163328,6545.454545454545,
application_layer,2025-10-06 00:02:31.925079,0.5864915275684132,0.166328407259442,8090.909090909091,
application_layer,2025-10-06 00:02:32.218507,0.9412831522522741,0.2674638721279172,9818.181818181818,
application_layer,2025-10-06 00:02:32.508181,1.1584762530900057,0.3835683312633613,9818.181818181818,
application_layer,2025-10-06 00:02:32.816288,1.1426667258911811,0.417590514494343,9181.818181818182,
application_layer,2025-10-06 00:02:33.107806,1.3045986460160184,0.5165939108002013,9000.0,cross_layer_interference
application_layer,2025-10-06 00:02:33.398233,1.2508890311392251,0.5035908227702286,9000.0,
application_layer,2025-10-06 00:02:33.687448,1.01289081080397,0.42259470249145814,9000.0,
application_layer,2025-10-06 00:02:34.004008,0.7419245048399477,0.3045949231955818,8000.0,
application_layer,2025-10-06 00:02:34.300317,0.7161512456223769,0.32274636490628683,8000.0,
application_layer,2025-10-06 00:02:34.591474,0.723577629097985,0.3592546848882329,8000.0,
application_layer,2025-10-06 00:02:34.890608,0.7365644322440996,0.36992150195769347,8000.0,
application_layer,2025-10-06 00:02:35.208348,0.8057240256795264,0.3915869134712072,7545.454545454545,
application_layer,2025-10-06 00:02:35.503632,0.894830000599619,0.3720740347876492,9000.0,
application_layer,2025-10-06 00:02:35.802074,1.0006448561019226,0.3533855844592842,9000.0,
application_layer,2025-10-06 00:02:36.104213,0.8257722061987389,0.26040420172690415,9727.272727272728,
application_layer,2025-10-06 00:02:36.416875,1.0391752319240253,0.3665808125502102,8000.0,
application_layer,2025-10-06 00:02:36.704674,1.2457215418931806,0.4912598302308403,8000.0,
application_layer,2025-10-06 00:02:36.997181,1.2243210334779775,0.48414275002714846,8000.0,
application_layer,2025-10-06 00:02:37.314931,1.4116804561168823,0.49229609431268256,7454.545454545454,
application_layer,2025-10-06 00:02:37.608449,1.1832322488164597,0.4001939481760763,7545.454545454545,
application_layer,2025-10-06 00:02:37.899193,0.9939487801319212,0.3407922393314545,7454.545454545454,
application_layer,2025-10-06 00:02:38.196125,0.4629012051115576,0.1647832811049133,9363.636363636364,
application_layer,2025-10-06 00:02:38.518304,0.642794877219019,0.2663363713413822,9545.454545454546,
application_layer,2025-10-06 00:02:38.815058,0.7044658116400637,0.34389404534786333,9818.181818181818,
application_layer,2025-10-06 00:02:39.110892,0.7938113113449117,0.41890877623745043,9818.181818181818,
application_layer,2025-10-06 00:02:39.403927,1.0164499733511136,0.5520537590344601,9000.0,
application_layer,2025-10-06 00:02:39.713931,0.9982555405687759,0.4772702523033473,9000.0,
application_layer,2025-10-06 00:02:40.008187,0.9923097027556032,0.4078951849988911,9000.0,
application_layer,2025-10-06 00:02:40.304819,0.7627660445106229,0.25975828338845997,7909.090909090909,
application_layer,2025-10-06 00:02:40.606976,0.9610066322727774,0.3091337608099218,8000.0,
application_layer,2025-10-06 00:02:40.919638,1.1165098595171192,0.3692251290873785,7090.909090909091,
application_layer,2025-10-06 00:02:41.214826,1.0149228135392159,0.33008252177803366,8000.0,
application_layer,2025-10-06 00:02:41.511814,1.3334681072878867,0.4570679387962646,9000.0,cross_layer_interference
application_layer,2025-10-06 00:02:41.826454,1.1334120679492279,0.39683658724240894,9000.0,
application_layer,2025-10-06 00:02:42.116839,0.9657116324821838,0.3591617827605213,9000.0,
application_layer,2025-10-06 00:02:42.412218,0.6480779196498383,0.2554459485489062,9727.272727272728,
application_layer,2025-10-06 00:02:42.709173,0.859010828394652,0.40570031346660257,8000.0,
application_layer,2025-10-06 00:02:43.030926,0.9253219694399208,0.5108633296115583,8000.0,
application_layer,2025-10-06 00:02:43.328414,0.8494289839125799,0.47607734799006163,8000.0,
application_layer,2025-10-06 00:02:43.622784,1.0210931368059881,0.506230645476323,7545.454545454545,
application_layer,2025-10-06 00:02:43.917134,0.9983002003005917,0.4126706189312692,7545.454545454545,
application_layer,2025-10-06 00:02:44.229083,1.0053332573060216,0.33777803427976416,7545.454545454545,
application_layer,2025-10-06 00:02:44.527110,0.7246345374866996,0.20591573710412406,8000.0,
application_layer,2025-10-06 00:02:44.818295,0.9506496430724903,0.27011056931889654,9818.181818181818,
application_layer,2025-10-06 00:02:45.109203,1.1477393080261096,0.366520522155036,9818.181818181818,
application_layer,2025-10-06 00:02:45.423059,1.148327927516558,0.41911350720826257,9363.636363636364,
application_layer,2025-10-06 00:02:45.713103,1.2731397417733685,0.49224580577089283,9000.0,
application_layer,2025-10-06 00:02:46.005458,1.0224596131324657,0.4137219740189092,9000.0,
application_layer,2025-10-06 00:02:46.303141,1.0559392220431023,0.4330726534977445,9000.0,
application_layer,2025-10-06 00:02:46.624679,0.727237348612262,0.2987366023908995,7636.363636363636,
